<?xml version="1.0" standalone="yes"?>
<BillingSet xmlns="http://tempuri.org/BillingSet.xsd">
  <BillingTable>
    <Name>Dan</Name>
    <Hours>5</Hours>
    <Description>Finish chapter 14</Description>
  </BillingTable>
  <BillingTable>
    <Name>Janet</Name>
    <Hours>6</Hours>
    <Description>Proof reading</Description>
  </BillingTable>
  <BillingTable>
    <Name>Bill C.</Name>
    <Hours>9000</Hours>
    <Description>Running the country</Description>
  </BillingTable>
  <BillingTable>
    <Name>GWB</Name>
    <Hours>6</Hours>
    <Description>Running the country</Description>
  </BillingTable>
</BillingSet>